region,total_farmers,insured,coverage_rate,claims,total_payout,avg_payout_claim,claim_rate
Amhara,337,127,37.69,16,6057.64,252.4,12.598425196850393
Central,239,101,42.26,22,6960.15,302.62,21.782178217821784
Eastern,90,36,40.0,5,1357.46,271.49,13.88888888888889
Oromia,371,129,34.77,21,6195.37,281.61,16.27906976744186
Rift Valley,154,65,42.21,14,5048.75,280.49,21.53846153846154
Southern,89,36,40.45,6,2085.04,260.63,16.666666666666664
Western,141,60,42.55,9,3275.15,297.74,15.0
